rank,keyword,cluster,intent,priority,recommended_target,2026_public_data_basis,volume_note
1,kenerate ai,Brand & platform,Informational / Entity,P1,https://kenerateai.com/,KenerateAI public homepage + 2026 semantic/entity SEO pattern,No volume claimed; validate in Search Console/Semrush/Ahrefs before treating as traffic-volume data.
2,kenerateai,Brand & platform,Informational / Entity,P1,https://kenerateai.com/,KenerateAI public homepage + 2026 semantic/entity SEO pattern,No volume claimed; validate in Search Console/Semrush/Ahrefs before treating as traffic-volume data.
3,kenerate ai generator,Brand & platform,Tool / Transactional,P1,https://kenerateai.com/,KenerateAI public homepage + 2026 semantic/entity SEO pattern,No volume claimed; validate in Search Console/Semrush/Ahrefs before treating as traffic-volume data.
4,kenerate ai creative suite,Brand & platform,Informational / Entity,P1,https://kenerateai.com/,KenerateAI public homepage + 2026 semantic/entity SEO pattern,No volume claimed; validate in Search Console/Semrush/Ahrefs before treating as traffic-volume data.
5,kenerate ai content generator,Brand & platform,Tool / Transactional,P1,https://kenerateai.com/,KenerateAI public homepage + 2026 semantic/entity SEO pattern,No volume claimed; validate in Search Console/Semrush/Ahrefs before treating as traffic-volume data.
6,all in one ai generator,Brand & platform,Tool / Transactional,P1,https://kenerateai.com/,KenerateAI public homepage + 2026 semantic/entity SEO pattern,No volume claimed; validate in Search Console/Semrush/Ahrefs before treating as traffic-volume data.
7,all in one ai creative suite,Brand & platform,Informational / Entity,P1,https://kenerateai.com/,KenerateAI public homepage + 2026 semantic/entity SEO pattern,No volume claimed; validate in Search Console/Semrush/Ahrefs before treating as traffic-volume data.
8,ai creative platform,Brand & platform,Informational / Entity,P1,https://kenerateai.com/,KenerateAI public homepage + 2026 semantic/entity SEO pattern,No volume claimed; validate in Search Console/Semrush/Ahrefs before treating as traffic-volume data.
9,generative ai creative platform,Brand & platform,Informational / Entity,P2,https://kenerateai.com/,KenerateAI public homepage + 2026 semantic/entity SEO pattern,No volume claimed; validate in Search Console/Semrush/Ahrefs before treating as traffic-volume data.
10,multi model ai generator,Brand & platform,Tool / Transactional,P2,https://kenerateai.com/,KenerateAI public homepage + 2026 semantic/entity SEO pattern,No volume claimed; validate in Search Console/Semrush/Ahrefs before treating as traffic-volume data.
11,ai model aggregator,Brand & platform,Informational / Entity,P2,https://kenerateai.com/,KenerateAI public homepage + 2026 semantic/entity SEO pattern,No volume claimed; validate in Search Console/Semrush/Ahrefs before treating as traffic-volume data.
12,ai model hub,Brand & platform,Informational / Entity,P2,https://kenerateai.com/,KenerateAI public homepage + 2026 semantic/entity SEO pattern,No volume claimed; validate in Search Console/Semrush/Ahrefs before treating as traffic-volume data.
13,multiple ai models one platform,Brand & platform,Informational / Entity,P2,https://kenerateai.com/,KenerateAI public homepage + 2026 semantic/entity SEO pattern,No volume claimed; validate in Search Console/Semrush/Ahrefs before treating as traffic-volume data.
14,free ai generator,Brand & platform,Commercial,P2,https://kenerateai.com/,KenerateAI public homepage + 2026 semantic/entity SEO pattern,No volume claimed; validate in Search Console/Semrush/Ahrefs before treating as traffic-volume data.
15,free generative ai tools,Brand & platform,Commercial,P2,https://kenerateai.com/,KenerateAI public homepage + 2026 semantic/entity SEO pattern,No volume claimed; validate in Search Console/Semrush/Ahrefs before treating as traffic-volume data.
16,ai generator no subscription,Brand & platform,Tool / Transactional,P2,https://kenerateai.com/,KenerateAI public homepage + 2026 semantic/entity SEO pattern,No volume claimed; validate in Search Console/Semrush/Ahrefs before treating as traffic-volume data.
17,pay as you go ai generator,Brand & platform,Tool / Transactional,P2,https://kenerateai.com/,KenerateAI public homepage + 2026 semantic/entity SEO pattern,No volume claimed; validate in Search Console/Semrush/Ahrefs before treating as traffic-volume data.
18,watermark free ai generator,Brand & platform,Commercial,P2,https://kenerateai.com/,KenerateAI public homepage + 2026 semantic/entity SEO pattern,No volume claimed; validate in Search Console/Semrush/Ahrefs before treating as traffic-volume data.
19,commercial use ai generator,Brand & platform,Commercial,P2,https://kenerateai.com/,KenerateAI public homepage + 2026 semantic/entity SEO pattern,No volume claimed; validate in Search Console/Semrush/Ahrefs before treating as traffic-volume data.
20,ai generator with commercial rights,Brand & platform,Commercial,P2,https://kenerateai.com/,KenerateAI public homepage + 2026 semantic/entity SEO pattern,No volume claimed; validate in Search Console/Semrush/Ahrefs before treating as traffic-volume data.
21,best ai creative suite 2026,Brand & platform,Commercial,P3,https://kenerateai.com/,KenerateAI public homepage + 2026 semantic/entity SEO pattern,No volume claimed; validate in Search Console/Semrush/Ahrefs before treating as traffic-volume data.
22,best all in one ai generator 2026,Brand & platform,Commercial,P3,https://kenerateai.com/,KenerateAI public homepage + 2026 semantic/entity SEO pattern,No volume claimed; validate in Search Console/Semrush/Ahrefs before treating as traffic-volume data.
23,ai tools for creators,Brand & platform,Tool / Transactional,P3,https://kenerateai.com/,KenerateAI public homepage + 2026 semantic/entity SEO pattern,No volume claimed; validate in Search Console/Semrush/Ahrefs before treating as traffic-volume data.
24,ai tools for marketers,Brand & platform,Informational / Entity,P3,https://kenerateai.com/,KenerateAI public homepage + 2026 semantic/entity SEO pattern,No volume claimed; validate in Search Console/Semrush/Ahrefs before treating as traffic-volume data.
25,ai tools for developers,Brand & platform,Informational / Entity,P3,https://kenerateai.com/,KenerateAI public homepage + 2026 semantic/entity SEO pattern,No volume claimed; validate in Search Console/Semrush/Ahrefs before treating as traffic-volume data.
26,ai tools for agencies,Brand & platform,Informational / Entity,P3,https://kenerateai.com/,KenerateAI public homepage + 2026 semantic/entity SEO pattern,No volume claimed; validate in Search Console/Semrush/Ahrefs before treating as traffic-volume data.
27,ai creative suite for social media,Brand & platform,Informational / Entity,P3,https://kenerateai.com/,KenerateAI public homepage + 2026 semantic/entity SEO pattern,No volume claimed; validate in Search Console/Semrush/Ahrefs before treating as traffic-volume data.
28,ai creative platform for ecommerce,Brand & platform,Informational / Entity,P3,https://kenerateai.com/,KenerateAI public homepage + 2026 semantic/entity SEO pattern,No volume claimed; validate in Search Console/Semrush/Ahrefs before treating as traffic-volume data.
29,ai image generator,Image generation,Tool / Transactional,P1,https://kenerateai.com/ai-image-generator,KenerateAI image pages + Zapier 2026 AI image-generator category language,No volume claimed; validate in Search Console/Semrush/Ahrefs before treating as traffic-volume data.
30,free ai image generator,Image generation,Commercial,P1,https://kenerateai.com/ai-image-generator,KenerateAI image pages + Zapier 2026 AI image-generator category language,No volume claimed; validate in Search Console/Semrush/Ahrefs before treating as traffic-volume data.
31,text to image ai,Image generation,Informational / Entity,P1,https://kenerateai.com/ai-image-generator,KenerateAI image pages + Zapier 2026 AI image-generator category language,No volume claimed; validate in Search Console/Semrush/Ahrefs before treating as traffic-volume data.
32,image to image ai,Image generation,Informational / Entity,P1,https://kenerateai.com/ai-image-generator,KenerateAI image pages + Zapier 2026 AI image-generator category language,No volume claimed; validate in Search Console/Semrush/Ahrefs before treating as traffic-volume data.
33,ai art generator,Image generation,Tool / Transactional,P1,https://kenerateai.com/ai-image-generator,KenerateAI image pages + Zapier 2026 AI image-generator category language,No volume claimed; validate in Search Console/Semrush/Ahrefs before treating as traffic-volume data.
34,ai picture generator,Image generation,Tool / Transactional,P1,https://kenerateai.com/ai-image-generator,KenerateAI image pages + Zapier 2026 AI image-generator category language,No volume claimed; validate in Search Console/Semrush/Ahrefs before treating as traffic-volume data.
35,ai image creator,Image generation,Tool / Transactional,P1,https://kenerateai.com/ai-image-generator,KenerateAI image pages + Zapier 2026 AI image-generator category language,No volume claimed; validate in Search Console/Semrush/Ahrefs before treating as traffic-volume data.
36,ai image creator from prompt,Image generation,Tool / Transactional,P1,https://kenerateai.com/ai-image-generator,KenerateAI image pages + Zapier 2026 AI image-generator category language,No volume claimed; validate in Search Console/Semrush/Ahrefs before treating as traffic-volume data.
37,photorealistic ai image generator,Image generation,Tool / Transactional,P2,https://kenerateai.com/ai-image-generator,KenerateAI image pages + Zapier 2026 AI image-generator category language,No volume claimed; validate in Search Console/Semrush/Ahrefs before treating as traffic-volume data.
38,hyperrealistic ai image generator,Image generation,Tool / Transactional,P2,https://kenerateai.com/ai-image-generator,KenerateAI image pages + Zapier 2026 AI image-generator category language,No volume claimed; validate in Search Console/Semrush/Ahrefs before treating as traffic-volume data.
39,4k ai image generator,Image generation,Tool / Transactional,P2,https://kenerateai.com/ai-image-generator,KenerateAI image pages + Zapier 2026 AI image-generator category language,No volume claimed; validate in Search Console/Semrush/Ahrefs before treating as traffic-volume data.
40,watermark free ai image generator,Image generation,Commercial,P2,https://kenerateai.com/ai-image-generator,KenerateAI image pages + Zapier 2026 AI image-generator category language,No volume claimed; validate in Search Console/Semrush/Ahrefs before treating as traffic-volume data.
41,ai image generator commercial use,Image generation,Commercial,P2,https://kenerateai.com/ai-image-generator,KenerateAI image pages + Zapier 2026 AI image-generator category language,No volume claimed; validate in Search Console/Semrush/Ahrefs before treating as traffic-volume data.
42,ai image generator no sign up,Image generation,Tool / Transactional,P2,https://kenerateai.com/ai-image-generator,KenerateAI image pages + Zapier 2026 AI image-generator category language,No volume claimed; validate in Search Console/Semrush/Ahrefs before treating as traffic-volume data.
43,ai image generator no subscription,Image generation,Tool / Transactional,P2,https://kenerateai.com/ai-image-generator,KenerateAI image pages + Zapier 2026 AI image-generator category language,No volume claimed; validate in Search Console/Semrush/Ahrefs before treating as traffic-volume data.
44,best ai image generator 2026,Image generation,Commercial,P2,https://kenerateai.com/ai-image-generator,KenerateAI image pages + Zapier 2026 AI image-generator category language,No volume claimed; validate in Search Console/Semrush/Ahrefs before treating as traffic-volume data.
45,free text to image generator,Image generation,Commercial,P2,https://kenerateai.com/ai-image-generator,KenerateAI image pages + Zapier 2026 AI image-generator category language,No volume claimed; validate in Search Console/Semrush/Ahrefs before treating as traffic-volume data.
46,ai portrait generator,Image generation,Tool / Transactional,P2,https://kenerateai.com/ai-image-generator,KenerateAI image pages + Zapier 2026 AI image-generator category language,No volume claimed; validate in Search Console/Semrush/Ahrefs before treating as traffic-volume data.
47,anime ai image generator,Image generation,Tool / Transactional,P2,https://kenerateai.com/ai-image-generator,KenerateAI image pages + Zapier 2026 AI image-generator category language,No volume claimed; validate in Search Console/Semrush/Ahrefs before treating as traffic-volume data.
48,ai product photo generator,Image generation,Tool / Transactional,P2,https://kenerateai.com/ai-image-generator,KenerateAI image pages + Zapier 2026 AI image-generator category language,No volume claimed; validate in Search Console/Semrush/Ahrefs before treating as traffic-volume data.
49,ai social media image generator,Image generation,Tool / Transactional,P3,https://kenerateai.com/ai-image-generator,KenerateAI image pages + Zapier 2026 AI image-generator category language,No volume claimed; validate in Search Console/Semrush/Ahrefs before treating as traffic-volume data.
50,ai marketing image generator,Image generation,Tool / Transactional,P3,https://kenerateai.com/ai-image-generator,KenerateAI image pages + Zapier 2026 AI image-generator category language,No volume claimed; validate in Search Console/Semrush/Ahrefs before treating as traffic-volume data.
51,ai image generator with flux,Image generation,Tool / Transactional,P3,https://kenerateai.com/ai-image-generator,KenerateAI image pages + Zapier 2026 AI image-generator category language,No volume claimed; validate in Search Console/Semrush/Ahrefs before treating as traffic-volume data.
52,flux ai image generator,Image generation,Tool / Transactional,P3,https://kenerateai.com/ai-image-generator,KenerateAI image pages + Zapier 2026 AI image-generator category language,No volume claimed; validate in Search Console/Semrush/Ahrefs before treating as traffic-volume data.
53,gpt image 2 generator,Image generation,Tool / Transactional,P3,https://kenerateai.com/ai-image-generator,KenerateAI image pages + Zapier 2026 AI image-generator category language,No volume claimed; validate in Search Console/Semrush/Ahrefs before treating as traffic-volume data.
54,seedream image generator,Image generation,Tool / Transactional,P3,https://kenerateai.com/ai-image-generator,KenerateAI image pages + Zapier 2026 AI image-generator category language,No volume claimed; validate in Search Console/Semrush/Ahrefs before treating as traffic-volume data.
55,qwen image generator,Image generation,Tool / Transactional,P3,https://kenerateai.com/ai-image-generator,KenerateAI image pages + Zapier 2026 AI image-generator category language,No volume claimed; validate in Search Console/Semrush/Ahrefs before treating as traffic-volume data.
56,ai image generator for ads,Image generation,Tool / Transactional,P3,https://kenerateai.com/ai-image-generator,KenerateAI image pages + Zapier 2026 AI image-generator category language,No volume claimed; validate in Search Console/Semrush/Ahrefs before treating as traffic-volume data.
57,ai image generator for creators,Image generation,Tool / Transactional,P3,https://kenerateai.com/ai-image-generator,KenerateAI image pages + Zapier 2026 AI image-generator category language,No volume claimed; validate in Search Console/Semrush/Ahrefs before treating as traffic-volume data.
58,ai image generator for ecommerce,Image generation,Tool / Transactional,P3,https://kenerateai.com/ai-image-generator,KenerateAI image pages + Zapier 2026 AI image-generator category language,No volume claimed; validate in Search Console/Semrush/Ahrefs before treating as traffic-volume data.
59,ai image generation api,Image generation,Informational / Entity,P3,https://kenerateai.com/ai-image-generator,KenerateAI image pages + Zapier 2026 AI image-generator category language,No volume claimed; validate in Search Console/Semrush/Ahrefs before treating as traffic-volume data.
60,unrestricted ai image generator,Image generation,Tool / Transactional,P3,https://kenerateai.com/ai-image-generator,KenerateAI image pages + Zapier 2026 AI image-generator category language,No volume claimed; validate in Search Console/Semrush/Ahrefs before treating as traffic-volume data.
61,nsfw ai image generator,Image generation,Tool / Transactional,P3,https://kenerateai.com/ai-image-generator,KenerateAI image pages + Zapier 2026 AI image-generator category language,No volume claimed; validate in Search Console/Semrush/Ahrefs before treating as traffic-volume data.
62,ai generator no restrictions,Image generation,Tool / Transactional,P3,https://kenerateai.com/ai-image-generator,KenerateAI image pages + Zapier 2026 AI image-generator category language,No volume claimed; validate in Search Console/Semrush/Ahrefs before treating as traffic-volume data.
63,midjourney alternative without discord,Image generation,Commercial,P3,https://kenerateai.com/ai-image-generator,KenerateAI image pages + Zapier 2026 AI image-generator category language,No volume claimed; validate in Search Console/Semrush/Ahrefs before treating as traffic-volume data.
64,ai video generator,Video generation,Tool / Transactional,P1,https://kenerateai.com/ai-video-generator,KenerateAI video pages + 2026 video-tool/alternative coverage,No volume claimed; validate in Search Console/Semrush/Ahrefs before treating as traffic-volume data.
65,free ai video generator,Video generation,Commercial,P1,https://kenerateai.com/ai-video-generator,KenerateAI video pages + 2026 video-tool/alternative coverage,No volume claimed; validate in Search Console/Semrush/Ahrefs before treating as traffic-volume data.
66,text to video ai,Video generation,Informational / Entity,P1,https://kenerateai.com/ai-video-generator,KenerateAI video pages + 2026 video-tool/alternative coverage,No volume claimed; validate in Search Console/Semrush/Ahrefs before treating as traffic-volume data.
67,image to video ai,Video generation,Informational / Entity,P1,https://kenerateai.com/ai-video-generator,KenerateAI video pages + 2026 video-tool/alternative coverage,No volume claimed; validate in Search Console/Semrush/Ahrefs before treating as traffic-volume data.
68,ai video maker,Video generation,Tool / Transactional,P1,https://kenerateai.com/ai-video-generator,KenerateAI video pages + 2026 video-tool/alternative coverage,No volume claimed; validate in Search Console/Semrush/Ahrefs before treating as traffic-volume data.
69,cinematic ai video generator,Video generation,Tool / Transactional,P1,https://kenerateai.com/ai-video-generator,KenerateAI video pages + 2026 video-tool/alternative coverage,No volume claimed; validate in Search Console/Semrush/Ahrefs before treating as traffic-volume data.
70,4k ai video generator,Video generation,Tool / Transactional,P1,https://kenerateai.com/ai-video-generator,KenerateAI video pages + 2026 video-tool/alternative coverage,No volume claimed; validate in Search Console/Semrush/Ahrefs before treating as traffic-volume data.
71,watermark free ai video generator,Video generation,Commercial,P1,https://kenerateai.com/ai-video-generator,KenerateAI video pages + 2026 video-tool/alternative coverage,No volume claimed; validate in Search Console/Semrush/Ahrefs before treating as traffic-volume data.
72,ai video generator commercial use,Video generation,Commercial,P2,https://kenerateai.com/ai-video-generator,KenerateAI video pages + 2026 video-tool/alternative coverage,No volume claimed; validate in Search Console/Semrush/Ahrefs before treating as traffic-volume data.
73,ai video generator no subscription,Video generation,Tool / Transactional,P2,https://kenerateai.com/ai-video-generator,KenerateAI video pages + 2026 video-tool/alternative coverage,No volume claimed; validate in Search Console/Semrush/Ahrefs before treating as traffic-volume data.
74,best ai video generator 2026,Video generation,Commercial,P2,https://kenerateai.com/ai-video-generator,KenerateAI video pages + 2026 video-tool/alternative coverage,No volume claimed; validate in Search Console/Semrush/Ahrefs before treating as traffic-volume data.
75,ai video generator with audio,Video generation,Tool / Transactional,P2,https://kenerateai.com/ai-video-generator,KenerateAI video pages + 2026 video-tool/alternative coverage,No volume claimed; validate in Search Console/Semrush/Ahrefs before treating as traffic-volume data.
76,ai video generator with veo 3.1,Video generation,Tool / Transactional,P2,https://kenerateai.com/ai-video-generator,KenerateAI video pages + 2026 video-tool/alternative coverage,No volume claimed; validate in Search Console/Semrush/Ahrefs before treating as traffic-volume data.
77,kling ai video generator,Video generation,Tool / Transactional,P2,https://kenerateai.com/ai-video-generator,KenerateAI video pages + 2026 video-tool/alternative coverage,No volume claimed; validate in Search Console/Semrush/Ahrefs before treating as traffic-volume data.
78,seedance video generator,Video generation,Tool / Transactional,P2,https://kenerateai.com/ai-video-generator,KenerateAI video pages + 2026 video-tool/alternative coverage,No volume claimed; validate in Search Console/Semrush/Ahrefs before treating as traffic-volume data.
79,wan ai video generator,Video generation,Tool / Transactional,P2,https://kenerateai.com/ai-video-generator,KenerateAI video pages + 2026 video-tool/alternative coverage,No volume claimed; validate in Search Console/Semrush/Ahrefs before treating as traffic-volume data.
80,grok video generator,Video generation,Tool / Transactional,P2,https://kenerateai.com/ai-video-generator,KenerateAI video pages + 2026 video-tool/alternative coverage,No volume claimed; validate in Search Console/Semrush/Ahrefs before treating as traffic-volume data.
81,ai short video generator,Video generation,Tool / Transactional,P2,https://kenerateai.com/ai-video-generator,KenerateAI video pages + 2026 video-tool/alternative coverage,No volume claimed; validate in Search Console/Semrush/Ahrefs before treating as traffic-volume data.
82,30 second ai video generator,Video generation,Tool / Transactional,P2,https://kenerateai.com/ai-video-generator,KenerateAI video pages + 2026 video-tool/alternative coverage,No volume claimed; validate in Search Console/Semrush/Ahrefs before treating as traffic-volume data.
83,ai product video generator,Video generation,Tool / Transactional,P2,https://kenerateai.com/ai-video-generator,KenerateAI video pages + 2026 video-tool/alternative coverage,No volume claimed; validate in Search Console/Semrush/Ahrefs before treating as traffic-volume data.
84,ai ad video generator,Video generation,Tool / Transactional,P3,https://kenerateai.com/ai-video-generator,KenerateAI video pages + 2026 video-tool/alternative coverage,No volume claimed; validate in Search Console/Semrush/Ahrefs before treating as traffic-volume data.
85,ai social media video generator,Video generation,Tool / Transactional,P3,https://kenerateai.com/ai-video-generator,KenerateAI video pages + 2026 video-tool/alternative coverage,No volume claimed; validate in Search Console/Semrush/Ahrefs before treating as traffic-volume data.
86,ai influencer video generator,Video generation,Tool / Transactional,P3,https://kenerateai.com/ai-video-generator,KenerateAI video pages + 2026 video-tool/alternative coverage,No volume claimed; validate in Search Console/Semrush/Ahrefs before treating as traffic-volume data.
87,ai avatar video generator,Video generation,Tool / Transactional,P3,https://kenerateai.com/ai-video-generator,KenerateAI video pages + 2026 video-tool/alternative coverage,No volume claimed; validate in Search Console/Semrush/Ahrefs before treating as traffic-volume data.
88,ai ugc video generator,Video generation,Tool / Transactional,P3,https://kenerateai.com/ai-video-generator,KenerateAI video pages + 2026 video-tool/alternative coverage,No volume claimed; validate in Search Console/Semrush/Ahrefs before treating as traffic-volume data.
89,free image to video ai,Video generation,Commercial,P3,https://kenerateai.com/ai-video-generator,KenerateAI video pages + 2026 video-tool/alternative coverage,No volume claimed; validate in Search Console/Semrush/Ahrefs before treating as traffic-volume data.
90,free text to video ai,Video generation,Commercial,P3,https://kenerateai.com/ai-video-generator,KenerateAI video pages + 2026 video-tool/alternative coverage,No volume claimed; validate in Search Console/Semrush/Ahrefs before treating as traffic-volume data.
91,ai video enhancer,Video generation,Informational / Entity,P3,https://kenerateai.com/ai-video-generator,KenerateAI video pages + 2026 video-tool/alternative coverage,No volume claimed; validate in Search Console/Semrush/Ahrefs before treating as traffic-volume data.
92,ai video upscaler,Video generation,Tool / Transactional,P3,https://kenerateai.com/ai-video-generator,KenerateAI video pages + 2026 video-tool/alternative coverage,No volume claimed; validate in Search Console/Semrush/Ahrefs before treating as traffic-volume data.
93,4k video upscaler,Video generation,Tool / Transactional,P3,https://kenerateai.com/ai-video-generator,KenerateAI video pages + 2026 video-tool/alternative coverage,No volume claimed; validate in Search Console/Semrush/Ahrefs before treating as traffic-volume data.
94,ai video editor,Video generation,Tool / Transactional,P3,https://kenerateai.com/ai-video-generator,KenerateAI video pages + 2026 video-tool/alternative coverage,No volume claimed; validate in Search Console/Semrush/Ahrefs before treating as traffic-volume data.
95,ai lip sync,Video generation,Informational / Entity,P3,https://kenerateai.com/ai-video-generator,KenerateAI video pages + 2026 video-tool/alternative coverage,No volume claimed; validate in Search Console/Semrush/Ahrefs before treating as traffic-volume data.
96,ai lip sync generator,Video generation,Tool / Transactional,P3,https://kenerateai.com/ai-video-generator,KenerateAI video pages + 2026 video-tool/alternative coverage,No volume claimed; validate in Search Console/Semrush/Ahrefs before treating as traffic-volume data.
97,voice cloning for video,Video generation,Informational / Entity,P3,https://kenerateai.com/ai-video-generator,KenerateAI video pages + 2026 video-tool/alternative coverage,No volume claimed; validate in Search Console/Semrush/Ahrefs before treating as traffic-volume data.
98,ai video with lip sync,Video generation,Informational / Entity,P3,https://kenerateai.com/ai-video-generator,KenerateAI video pages + 2026 video-tool/alternative coverage,No volume claimed; validate in Search Console/Semrush/Ahrefs before treating as traffic-volume data.
99,character consistency video,Video generation,Informational / Entity,P3,https://kenerateai.com/ai-video-generator,KenerateAI video pages + 2026 video-tool/alternative coverage,No volume claimed; validate in Search Console/Semrush/Ahrefs before treating as traffic-volume data.
100,face lock ai video,Video generation,Informational / Entity,P3,https://kenerateai.com/ai-video-generator,KenerateAI video pages + 2026 video-tool/alternative coverage,No volume claimed; validate in Search Console/Semrush/Ahrefs before treating as traffic-volume data.
101,unrestricted ai video generator,Video generation,Tool / Transactional,P3,https://kenerateai.com/ai-video-generator,KenerateAI video pages + 2026 video-tool/alternative coverage,No volume claimed; validate in Search Console/Semrush/Ahrefs before treating as traffic-volume data.
102,nsfw ai video generator,Video generation,Tool / Transactional,P3,https://kenerateai.com/ai-video-generator,KenerateAI video pages + 2026 video-tool/alternative coverage,No volume claimed; validate in Search Console/Semrush/Ahrefs before treating as traffic-volume data.
103,ai video generator no watermark,Video generation,Tool / Transactional,P3,https://kenerateai.com/ai-video-generator,KenerateAI video pages + 2026 video-tool/alternative coverage,No volume claimed; validate in Search Console/Semrush/Ahrefs before treating as traffic-volume data.
104,ai music generator,Music & voice,Tool / Transactional,P1,https://kenerateai.com/ai-music-generator,KenerateAI music/voice pages + generative AI tool category language,No volume claimed; validate in Search Console/Semrush/Ahrefs before treating as traffic-volume data.
105,free ai music generator,Music & voice,Commercial,P1,https://kenerateai.com/ai-music-generator,KenerateAI music/voice pages + generative AI tool category language,No volume claimed; validate in Search Console/Semrush/Ahrefs before treating as traffic-volume data.
106,text to music generator,Music & voice,Tool / Transactional,P1,https://kenerateai.com/ai-music-generator,KenerateAI music/voice pages + generative AI tool category language,No volume claimed; validate in Search Console/Semrush/Ahrefs before treating as traffic-volume data.
107,ai song generator,Music & voice,Tool / Transactional,P1,https://kenerateai.com/ai-music-generator,KenerateAI music/voice pages + generative AI tool category language,No volume claimed; validate in Search Console/Semrush/Ahrefs before treating as traffic-volume data.
108,ai beat generator,Music & voice,Tool / Transactional,P1,https://kenerateai.com/ai-music-generator,KenerateAI music/voice pages + generative AI tool category language,No volume claimed; validate in Search Console/Semrush/Ahrefs before treating as traffic-volume data.
109,ai music with vocals,Music & voice,Informational / Entity,P1,https://kenerateai.com/ai-music-generator,KenerateAI music/voice pages + generative AI tool category language,No volume claimed; validate in Search Console/Semrush/Ahrefs before treating as traffic-volume data.
110,ai instrumental generator,Music & voice,Tool / Transactional,P1,https://kenerateai.com/ai-music-generator,KenerateAI music/voice pages + generative AI tool category language,No volume claimed; validate in Search Console/Semrush/Ahrefs before treating as traffic-volume data.
111,royalty free ai music,Music & voice,Commercial,P1,https://kenerateai.com/ai-music-generator,KenerateAI music/voice pages + generative AI tool category language,No volume claimed; validate in Search Console/Semrush/Ahrefs before treating as traffic-volume data.
112,commercial use ai music,Music & voice,Commercial,P2,https://kenerateai.com/ai-music-generator,KenerateAI music/voice pages + generative AI tool category language,No volume claimed; validate in Search Console/Semrush/Ahrefs before treating as traffic-volume data.
113,ai music generator no subscription,Music & voice,Tool / Transactional,P2,https://kenerateai.com/ai-music-generator,KenerateAI music/voice pages + generative AI tool category language,No volume claimed; validate in Search Console/Semrush/Ahrefs before treating as traffic-volume data.
114,best ai music generator 2026,Music & voice,Commercial,P2,https://kenerateai.com/ai-music-generator,KenerateAI music/voice pages + generative AI tool category language,No volume claimed; validate in Search Console/Semrush/Ahrefs before treating as traffic-volume data.
115,suno alternative,Music & voice,Commercial,P2,https://kenerateai.com/ai-music-generator,KenerateAI music/voice pages + generative AI tool category language,No volume claimed; validate in Search Console/Semrush/Ahrefs before treating as traffic-volume data.
116,suno ai alternative,Music & voice,Commercial,P2,https://kenerateai.com/ai-music-generator,KenerateAI music/voice pages + generative AI tool category language,No volume claimed; validate in Search Console/Semrush/Ahrefs before treating as traffic-volume data.
117,udio alternative,Music & voice,Commercial,P2,https://kenerateai.com/ai-music-generator,KenerateAI music/voice pages + generative AI tool category language,No volume claimed; validate in Search Console/Semrush/Ahrefs before treating as traffic-volume data.
118,ai voice generator,Music & voice,Tool / Transactional,P2,https://kenerateai.com/ai-music-generator,KenerateAI music/voice pages + generative AI tool category language,No volume claimed; validate in Search Console/Semrush/Ahrefs before treating as traffic-volume data.
119,text to speech ai,Music & voice,Informational / Entity,P2,https://kenerateai.com/ai-music-generator,KenerateAI music/voice pages + generative AI tool category language,No volume claimed; validate in Search Console/Semrush/Ahrefs before treating as traffic-volume data.
120,voice cloning ai,Music & voice,Informational / Entity,P2,https://kenerateai.com/ai-music-generator,KenerateAI music/voice pages + generative AI tool category language,No volume claimed; validate in Search Console/Semrush/Ahrefs before treating as traffic-volume data.
121,ai voice clone,Music & voice,Informational / Entity,P2,https://kenerateai.com/ai-music-generator,KenerateAI music/voice pages + generative AI tool category language,No volume claimed; validate in Search Console/Semrush/Ahrefs before treating as traffic-volume data.
122,multilingual ai voice generator,Music & voice,Tool / Transactional,P2,https://kenerateai.com/ai-music-generator,KenerateAI music/voice pages + generative AI tool category language,No volume claimed; validate in Search Console/Semrush/Ahrefs before treating as traffic-volume data.
123,ai voiceover generator,Music & voice,Tool / Transactional,P2,https://kenerateai.com/ai-music-generator,KenerateAI music/voice pages + generative AI tool category language,No volume claimed; validate in Search Console/Semrush/Ahrefs before treating as traffic-volume data.
124,ai audio generator,Music & voice,Tool / Transactional,P3,https://kenerateai.com/ai-music-generator,KenerateAI music/voice pages + generative AI tool category language,No volume claimed; validate in Search Console/Semrush/Ahrefs before treating as traffic-volume data.
125,ai soundtrack generator,Music & voice,Tool / Transactional,P3,https://kenerateai.com/ai-music-generator,KenerateAI music/voice pages + generative AI tool category language,No volume claimed; validate in Search Console/Semrush/Ahrefs before treating as traffic-volume data.
126,ai music stems,Music & voice,Informational / Entity,P3,https://kenerateai.com/ai-music-generator,KenerateAI music/voice pages + generative AI tool category language,No volume claimed; validate in Search Console/Semrush/Ahrefs before treating as traffic-volume data.
127,wav stems ai music,Music & voice,Informational / Entity,P3,https://kenerateai.com/ai-music-generator,KenerateAI music/voice pages + generative AI tool category language,No volume claimed; validate in Search Console/Semrush/Ahrefs before treating as traffic-volume data.
128,ai lyrics to song,Music & voice,Informational / Entity,P3,https://kenerateai.com/ai-music-generator,KenerateAI music/voice pages + generative AI tool category language,No volume claimed; validate in Search Console/Semrush/Ahrefs before treating as traffic-volume data.
129,ai humming to song,Music & voice,Informational / Entity,P3,https://kenerateai.com/ai-music-generator,KenerateAI music/voice pages + generative AI tool category language,No volume claimed; validate in Search Console/Semrush/Ahrefs before treating as traffic-volume data.
130,elevenlabs alternative,Music & voice,Commercial,P3,https://kenerateai.com/ai-music-generator,KenerateAI music/voice pages + generative AI tool category language,No volume claimed; validate in Search Console/Semrush/Ahrefs before treating as traffic-volume data.
131,ai photo editor,Image editing,Tool / Transactional,P1,https://kenerateai.com/app/edit,KenerateAI editor pages + Zapier 2026 AI photo-editor category language,No volume claimed; validate in Search Console/Semrush/Ahrefs before treating as traffic-volume data.
132,free ai photo editor,Image editing,Commercial,P1,https://kenerateai.com/app/edit,KenerateAI editor pages + Zapier 2026 AI photo-editor category language,No volume claimed; validate in Search Console/Semrush/Ahrefs before treating as traffic-volume data.
133,ai image editor,Image editing,Tool / Transactional,P1,https://kenerateai.com/app/edit,KenerateAI editor pages + Zapier 2026 AI photo-editor category language,No volume claimed; validate in Search Console/Semrush/Ahrefs before treating as traffic-volume data.
134,ai image enhancer,Image editing,Informational / Entity,P1,https://kenerateai.com/app/edit,KenerateAI editor pages + Zapier 2026 AI photo-editor category language,No volume claimed; validate in Search Console/Semrush/Ahrefs before treating as traffic-volume data.
135,ai photo enhancer,Image editing,Informational / Entity,P1,https://kenerateai.com/app/edit,KenerateAI editor pages + Zapier 2026 AI photo-editor category language,No volume claimed; validate in Search Console/Semrush/Ahrefs before treating as traffic-volume data.
136,ai image upscaler,Image editing,Tool / Transactional,P1,https://kenerateai.com/app/edit,KenerateAI editor pages + Zapier 2026 AI photo-editor category language,No volume claimed; validate in Search Console/Semrush/Ahrefs before treating as traffic-volume data.
137,4k image upscaler,Image editing,Tool / Transactional,P1,https://kenerateai.com/app/edit,KenerateAI editor pages + Zapier 2026 AI photo-editor category language,No volume claimed; validate in Search Console/Semrush/Ahrefs before treating as traffic-volume data.
138,ai background remover,Image editing,Tool / Transactional,P1,https://kenerateai.com/app/edit,KenerateAI editor pages + Zapier 2026 AI photo-editor category language,No volume claimed; validate in Search Console/Semrush/Ahrefs before treating as traffic-volume data.
139,free background remover ai,Image editing,Commercial,P2,https://kenerateai.com/app/edit,KenerateAI editor pages + Zapier 2026 AI photo-editor category language,No volume claimed; validate in Search Console/Semrush/Ahrefs before treating as traffic-volume data.
140,ai object remover,Image editing,Tool / Transactional,P2,https://kenerateai.com/app/edit,KenerateAI editor pages + Zapier 2026 AI photo-editor category language,No volume claimed; validate in Search Console/Semrush/Ahrefs before treating as traffic-volume data.
141,ai inpainting,Image editing,Informational / Entity,P2,https://kenerateai.com/app/edit,KenerateAI editor pages + Zapier 2026 AI photo-editor category language,No volume claimed; validate in Search Console/Semrush/Ahrefs before treating as traffic-volume data.
142,ai outpainting,Image editing,Informational / Entity,P2,https://kenerateai.com/app/edit,KenerateAI editor pages + Zapier 2026 AI photo-editor category language,No volume claimed; validate in Search Console/Semrush/Ahrefs before treating as traffic-volume data.
143,ai lighting editor,Image editing,Tool / Transactional,P2,https://kenerateai.com/app/edit,KenerateAI editor pages + Zapier 2026 AI photo-editor category language,No volume claimed; validate in Search Console/Semrush/Ahrefs before treating as traffic-volume data.
144,ai product photo editor,Image editing,Tool / Transactional,P2,https://kenerateai.com/app/edit,KenerateAI editor pages + Zapier 2026 AI photo-editor category language,No volume claimed; validate in Search Console/Semrush/Ahrefs before treating as traffic-volume data.
145,ai skin retouch,Image editing,Informational / Entity,P2,https://kenerateai.com/app/edit,KenerateAI editor pages + Zapier 2026 AI photo-editor category language,No volume claimed; validate in Search Console/Semrush/Ahrefs before treating as traffic-volume data.
146,ai virtual try on,Image editing,Informational / Entity,P2,https://kenerateai.com/app/edit,KenerateAI editor pages + Zapier 2026 AI photo-editor category language,No volume claimed; validate in Search Console/Semrush/Ahrefs before treating as traffic-volume data.
147,ai fashion try on,Image editing,Informational / Entity,P2,https://kenerateai.com/app/edit,KenerateAI editor pages + Zapier 2026 AI photo-editor category language,No volume claimed; validate in Search Console/Semrush/Ahrefs before treating as traffic-volume data.
148,ai ecommerce photo editor,Image editing,Tool / Transactional,P2,https://kenerateai.com/app/edit,KenerateAI editor pages + Zapier 2026 AI photo-editor category language,No volume claimed; validate in Search Console/Semrush/Ahrefs before treating as traffic-volume data.
149,photoshop alternative ai,Image editing,Commercial,P2,https://kenerateai.com/app/edit,KenerateAI editor pages + Zapier 2026 AI photo-editor category language,No volume claimed; validate in Search Console/Semrush/Ahrefs before treating as traffic-volume data.
150,picsart alternative,Image editing,Commercial,P2,https://kenerateai.com/app/edit,KenerateAI editor pages + Zapier 2026 AI photo-editor category language,No volume claimed; validate in Search Console/Semrush/Ahrefs before treating as traffic-volume data.
151,canva alternative,Image editing,Commercial,P3,https://kenerateai.com/app/edit,KenerateAI editor pages + Zapier 2026 AI photo-editor category language,No volume claimed; validate in Search Console/Semrush/Ahrefs before treating as traffic-volume data.
152,topaz labs alternative,Image editing,Commercial,P3,https://kenerateai.com/app/edit,KenerateAI editor pages + Zapier 2026 AI photo-editor category language,No volume claimed; validate in Search Console/Semrush/Ahrefs before treating as traffic-volume data.
153,ai photo editor no photoshop,Image editing,Tool / Transactional,P3,https://kenerateai.com/app/edit,KenerateAI editor pages + Zapier 2026 AI photo-editor category language,No volume claimed; validate in Search Console/Semrush/Ahrefs before treating as traffic-volume data.
154,ai image editing online,Image editing,Informational / Entity,P3,https://kenerateai.com/app/edit,KenerateAI editor pages + Zapier 2026 AI photo-editor category language,No volume claimed; validate in Search Console/Semrush/Ahrefs before treating as traffic-volume data.
155,ai ad generator,Ads & marketing,Tool / Transactional,P1,https://kenerateai.com/ai-ads-generator,KenerateAI Ads Studio public page + commercial-intent expansion in AI search,No volume claimed; validate in Search Console/Semrush/Ahrefs before treating as traffic-volume data.
156,free ai ad generator,Ads & marketing,Commercial,P1,https://kenerateai.com/ai-ads-generator,KenerateAI Ads Studio public page + commercial-intent expansion in AI search,No volume claimed; validate in Search Console/Semrush/Ahrefs before treating as traffic-volume data.
157,ai ad creator,Ads & marketing,Tool / Transactional,P1,https://kenerateai.com/ai-ads-generator,KenerateAI Ads Studio public page + commercial-intent expansion in AI search,No volume claimed; validate in Search Console/Semrush/Ahrefs before treating as traffic-volume data.
158,ai marketing creative generator,Ads & marketing,Tool / Transactional,P1,https://kenerateai.com/ai-ads-generator,KenerateAI Ads Studio public page + commercial-intent expansion in AI search,No volume claimed; validate in Search Console/Semrush/Ahrefs before treating as traffic-volume data.
159,ai ugc ad generator,Ads & marketing,Tool / Transactional,P1,https://kenerateai.com/ai-ads-generator,KenerateAI Ads Studio public page + commercial-intent expansion in AI search,No volume claimed; validate in Search Console/Semrush/Ahrefs before treating as traffic-volume data.
160,ai tiktok ad generator,Ads & marketing,Tool / Transactional,P1,https://kenerateai.com/ai-ads-generator,KenerateAI Ads Studio public page + commercial-intent expansion in AI search,No volume claimed; validate in Search Console/Semrush/Ahrefs before treating as traffic-volume data.
161,ai facebook ad generator,Ads & marketing,Tool / Transactional,P1,https://kenerateai.com/ai-ads-generator,KenerateAI Ads Studio public page + commercial-intent expansion in AI search,No volume claimed; validate in Search Console/Semrush/Ahrefs before treating as traffic-volume data.
162,ai instagram ad generator,Ads & marketing,Tool / Transactional,P1,https://kenerateai.com/ai-ads-generator,KenerateAI Ads Studio public page + commercial-intent expansion in AI search,No volume claimed; validate in Search Console/Semrush/Ahrefs before treating as traffic-volume data.
163,ai product ad generator,Ads & marketing,Tool / Transactional,P2,https://kenerateai.com/ai-ads-generator,KenerateAI Ads Studio public page + commercial-intent expansion in AI search,No volume claimed; validate in Search Console/Semrush/Ahrefs before treating as traffic-volume data.
164,ai video ad generator,Ads & marketing,Tool / Transactional,P2,https://kenerateai.com/ai-ads-generator,KenerateAI Ads Studio public page + commercial-intent expansion in AI search,No volume claimed; validate in Search Console/Semrush/Ahrefs before treating as traffic-volume data.
165,ai commercial generator,Ads & marketing,Commercial,P2,https://kenerateai.com/ai-ads-generator,KenerateAI Ads Studio public page + commercial-intent expansion in AI search,No volume claimed; validate in Search Console/Semrush/Ahrefs before treating as traffic-volume data.
166,ai product commercial generator,Ads & marketing,Commercial,P2,https://kenerateai.com/ai-ads-generator,KenerateAI Ads Studio public page + commercial-intent expansion in AI search,No volume claimed; validate in Search Console/Semrush/Ahrefs before treating as traffic-volume data.
167,ai creative generator for ads,Ads & marketing,Tool / Transactional,P2,https://kenerateai.com/ai-ads-generator,KenerateAI Ads Studio public page + commercial-intent expansion in AI search,No volume claimed; validate in Search Console/Semrush/Ahrefs before treating as traffic-volume data.
168,ai campaign generator,Ads & marketing,Tool / Transactional,P2,https://kenerateai.com/ai-ads-generator,KenerateAI Ads Studio public page + commercial-intent expansion in AI search,No volume claimed; validate in Search Console/Semrush/Ahrefs before treating as traffic-volume data.
169,ai campaign studio,Ads & marketing,Informational / Entity,P2,https://kenerateai.com/ai-ads-generator,KenerateAI Ads Studio public page + commercial-intent expansion in AI search,No volume claimed; validate in Search Console/Semrush/Ahrefs before treating as traffic-volume data.
170,ai social media ad creator,Ads & marketing,Tool / Transactional,P2,https://kenerateai.com/ai-ads-generator,KenerateAI Ads Studio public page + commercial-intent expansion in AI search,No volume claimed; validate in Search Console/Semrush/Ahrefs before treating as traffic-volume data.
171,ai marketing content generator,Ads & marketing,Tool / Transactional,P2,https://kenerateai.com/ai-ads-generator,KenerateAI Ads Studio public page + commercial-intent expansion in AI search,No volume claimed; validate in Search Console/Semrush/Ahrefs before treating as traffic-volume data.
172,ai product poster generator,Ads & marketing,Tool / Transactional,P2,https://kenerateai.com/ai-ads-generator,KenerateAI Ads Studio public page + commercial-intent expansion in AI search,No volume claimed; validate in Search Console/Semrush/Ahrefs before treating as traffic-volume data.
173,ai ecommerce ad generator,Ads & marketing,Tool / Transactional,P2,https://kenerateai.com/ai-ads-generator,KenerateAI Ads Studio public page + commercial-intent expansion in AI search,No volume claimed; validate in Search Console/Semrush/Ahrefs before treating as traffic-volume data.
174,ai direct response ad generator,Ads & marketing,Tool / Transactional,P2,https://kenerateai.com/ai-ads-generator,KenerateAI Ads Studio public page + commercial-intent expansion in AI search,No volume claimed; validate in Search Console/Semrush/Ahrefs before treating as traffic-volume data.
175,ai ad hooks,Ads & marketing,Informational / Entity,P3,https://kenerateai.com/ai-ads-generator,KenerateAI Ads Studio public page + commercial-intent expansion in AI search,No volume claimed; validate in Search Console/Semrush/Ahrefs before treating as traffic-volume data.
176,ai ad creative automation,Ads & marketing,Informational / Entity,P3,https://kenerateai.com/ai-ads-generator,KenerateAI Ads Studio public page + commercial-intent expansion in AI search,No volume claimed; validate in Search Console/Semrush/Ahrefs before treating as traffic-volume data.
177,ai creative testing,Ads & marketing,Informational / Entity,P3,https://kenerateai.com/ai-ads-generator,KenerateAI Ads Studio public page + commercial-intent expansion in AI search,No volume claimed; validate in Search Console/Semrush/Ahrefs before treating as traffic-volume data.
178,ai social content generator,Ads & marketing,Tool / Transactional,P3,https://kenerateai.com/ai-ads-generator,KenerateAI Ads Studio public page + commercial-intent expansion in AI search,No volume claimed; validate in Search Console/Semrush/Ahrefs before treating as traffic-volume data.
179,ai brand campaign generator,Ads & marketing,Tool / Transactional,P3,https://kenerateai.com/ai-ads-generator,KenerateAI Ads Studio public page + commercial-intent expansion in AI search,No volume claimed; validate in Search Console/Semrush/Ahrefs before treating as traffic-volume data.
180,ai 3d model generator,3D generation,Tool / Transactional,P1,https://kenerateai.com/ai-3d-model-generator,KenerateAI 3D public page/directory + task-based long-tail patterns,No volume claimed; validate in Search Console/Semrush/Ahrefs before treating as traffic-volume data.
181,free ai 3d model generator,3D generation,Commercial,P1,https://kenerateai.com/ai-3d-model-generator,KenerateAI 3D public page/directory + task-based long-tail patterns,No volume claimed; validate in Search Console/Semrush/Ahrefs before treating as traffic-volume data.
182,text to 3d ai,3D generation,Informational / Entity,P1,https://kenerateai.com/ai-3d-model-generator,KenerateAI 3D public page/directory + task-based long-tail patterns,No volume claimed; validate in Search Console/Semrush/Ahrefs before treating as traffic-volume data.
183,image to 3d ai,3D generation,Informational / Entity,P1,https://kenerateai.com/ai-3d-model-generator,KenerateAI 3D public page/directory + task-based long-tail patterns,No volume claimed; validate in Search Console/Semrush/Ahrefs before treating as traffic-volume data.
184,2d image to 3d model,3D generation,Informational / Entity,P1,https://kenerateai.com/ai-3d-model-generator,KenerateAI 3D public page/directory + task-based long-tail patterns,No volume claimed; validate in Search Console/Semrush/Ahrefs before treating as traffic-volume data.
185,ai mesh generator,3D generation,Tool / Transactional,P1,https://kenerateai.com/ai-3d-model-generator,KenerateAI 3D public page/directory + task-based long-tail patterns,No volume claimed; validate in Search Console/Semrush/Ahrefs before treating as traffic-volume data.
186,ai 3d character generator,3D generation,Tool / Transactional,P1,https://kenerateai.com/ai-3d-model-generator,KenerateAI 3D public page/directory + task-based long-tail patterns,No volume claimed; validate in Search Console/Semrush/Ahrefs before treating as traffic-volume data.
187,ai 3d avatar generator,3D generation,Tool / Transactional,P1,https://kenerateai.com/ai-3d-model-generator,KenerateAI 3D public page/directory + task-based long-tail patterns,No volume claimed; validate in Search Console/Semrush/Ahrefs before treating as traffic-volume data.
188,ai 3d environment generator,3D generation,Tool / Transactional,P2,https://kenerateai.com/ai-3d-model-generator,KenerateAI 3D public page/directory + task-based long-tail patterns,No volume claimed; validate in Search Console/Semrush/Ahrefs before treating as traffic-volume data.
189,ai game asset generator,3D generation,Tool / Transactional,P2,https://kenerateai.com/ai-3d-model-generator,KenerateAI 3D public page/directory + task-based long-tail patterns,No volume claimed; validate in Search Console/Semrush/Ahrefs before treating as traffic-volume data.
190,ai 3d printing model generator,3D generation,Tool / Transactional,P2,https://kenerateai.com/ai-3d-model-generator,KenerateAI 3D public page/directory + task-based long-tail patterns,No volume claimed; validate in Search Console/Semrush/Ahrefs before treating as traffic-volume data.
191,ai product 3d model generator,3D generation,Tool / Transactional,P2,https://kenerateai.com/ai-3d-model-generator,KenerateAI 3D public page/directory + task-based long-tail patterns,No volume claimed; validate in Search Console/Semrush/Ahrefs before treating as traffic-volume data.
192,ai 3d model generator for blender,3D generation,Tool / Transactional,P2,https://kenerateai.com/ai-3d-model-generator,KenerateAI 3D public page/directory + task-based long-tail patterns,No volume claimed; validate in Search Console/Semrush/Ahrefs before treating as traffic-volume data.
193,ai 3d models for unity,3D generation,Informational / Entity,P2,https://kenerateai.com/ai-3d-model-generator,KenerateAI 3D public page/directory + task-based long-tail patterns,No volume claimed; validate in Search Console/Semrush/Ahrefs before treating as traffic-volume data.
194,ai 3d models for unreal engine,3D generation,Informational / Entity,P2,https://kenerateai.com/ai-3d-model-generator,KenerateAI 3D public page/directory + task-based long-tail patterns,No volume claimed; validate in Search Console/Semrush/Ahrefs before treating as traffic-volume data.
195,pbr texture generator ai,3D generation,Tool / Transactional,P2,https://kenerateai.com/ai-3d-model-generator,KenerateAI 3D public page/directory + task-based long-tail patterns,No volume claimed; validate in Search Console/Semrush/Ahrefs before treating as traffic-volume data.
196,uv mapping ai,3D generation,Informational / Entity,P2,https://kenerateai.com/ai-3d-model-generator,KenerateAI 3D public page/directory + task-based long-tail patterns,No volume claimed; validate in Search Console/Semrush/Ahrefs before treating as traffic-volume data.
197,glb model generator,3D generation,Tool / Transactional,P2,https://kenerateai.com/ai-3d-model-generator,KenerateAI 3D public page/directory + task-based long-tail patterns,No volume claimed; validate in Search Console/Semrush/Ahrefs before treating as traffic-volume data.
198,obj model generator,3D generation,Tool / Transactional,P2,https://kenerateai.com/ai-3d-model-generator,KenerateAI 3D public page/directory + task-based long-tail patterns,No volume claimed; validate in Search Console/Semrush/Ahrefs before treating as traffic-volume data.
199,stl model generator,3D generation,Tool / Transactional,P2,https://kenerateai.com/ai-3d-model-generator,KenerateAI 3D public page/directory + task-based long-tail patterns,No volume claimed; validate in Search Console/Semrush/Ahrefs before treating as traffic-volume data.
200,ai 3d model from text,3D generation,Informational / Entity,P3,https://kenerateai.com/ai-3d-model-generator,KenerateAI 3D public page/directory + task-based long-tail patterns,No volume claimed; validate in Search Console/Semrush/Ahrefs before treating as traffic-volume data.
201,ai 3d model from image,3D generation,Informational / Entity,P3,https://kenerateai.com/ai-3d-model-generator,KenerateAI 3D public page/directory + task-based long-tail patterns,No volume claimed; validate in Search Console/Semrush/Ahrefs before treating as traffic-volume data.
202,fast ai 3d generator,3D generation,Tool / Transactional,P3,https://kenerateai.com/ai-3d-model-generator,KenerateAI 3D public page/directory + task-based long-tail patterns,No volume claimed; validate in Search Console/Semrush/Ahrefs before treating as traffic-volume data.
203,ai 3d model online,3D generation,Informational / Entity,P3,https://kenerateai.com/ai-3d-model-generator,KenerateAI 3D public page/directory + task-based long-tail patterns,No volume claimed; validate in Search Console/Semrush/Ahrefs before treating as traffic-volume data.
204,best ai 3d generator 2026,3D generation,Commercial,P3,https://kenerateai.com/ai-3d-model-generator,KenerateAI 3D public page/directory + task-based long-tail patterns,No volume claimed; validate in Search Console/Semrush/Ahrefs before treating as traffic-volume data.
205,meshy alternative,3D generation,Commercial,P3,https://kenerateai.com/ai-3d-model-generator,KenerateAI 3D public page/directory + task-based long-tail patterns,No volume claimed; validate in Search Console/Semrush/Ahrefs before treating as traffic-volume data.
206,tripo ai alternative,3D generation,Commercial,P3,https://kenerateai.com/ai-3d-model-generator,KenerateAI 3D public page/directory + task-based long-tail patterns,No volume claimed; validate in Search Console/Semrush/Ahrefs before treating as traffic-volume data.
207,rodin ai alternative,3D generation,Commercial,P3,https://kenerateai.com/ai-3d-model-generator,KenerateAI 3D public page/directory + task-based long-tail patterns,No volume claimed; validate in Search Console/Semrush/Ahrefs before treating as traffic-volume data.
208,kaedim alternative,3D generation,Commercial,P3,https://kenerateai.com/ai-3d-model-generator,KenerateAI 3D public page/directory + task-based long-tail patterns,No volume claimed; validate in Search Console/Semrush/Ahrefs before treating as traffic-volume data.
209,hunyuan3d alternative,3D generation,Commercial,P3,https://kenerateai.com/ai-3d-model-generator,KenerateAI 3D public page/directory + task-based long-tail patterns,No volume claimed; validate in Search Console/Semrush/Ahrefs before treating as traffic-volume data.
210,trellis 2 alternative,3D generation,Commercial,P3,https://kenerateai.com/ai-3d-model-generator,KenerateAI 3D public page/directory + task-based long-tail patterns,No volume claimed; validate in Search Console/Semrush/Ahrefs before treating as traffic-volume data.
211,spline ai alternative,3D generation,Commercial,P3,https://kenerateai.com/ai-3d-model-generator,KenerateAI 3D public page/directory + task-based long-tail patterns,No volume claimed; validate in Search Console/Semrush/Ahrefs before treating as traffic-volume data.
212,luma ai genie alternative,3D generation,Commercial,P3,https://kenerateai.com/ai-3d-model-generator,KenerateAI 3D public page/directory + task-based long-tail patterns,No volume claimed; validate in Search Console/Semrush/Ahrefs before treating as traffic-volume data.
213,csm ai alternative,3D generation,Commercial,P3,https://kenerateai.com/ai-3d-model-generator,KenerateAI 3D public page/directory + task-based long-tail patterns,No volume claimed; validate in Search Console/Semrush/Ahrefs before treating as traffic-volume data.
214,sloyd alternative,3D generation,Commercial,P3,https://kenerateai.com/ai-3d-model-generator,KenerateAI 3D public page/directory + task-based long-tail patterns,No volume claimed; validate in Search Console/Semrush/Ahrefs before treating as traffic-volume data.
215,3d ai studio alternative,3D generation,Commercial,P3,https://kenerateai.com/ai-3d-model-generator,KenerateAI 3D public page/directory + task-based long-tail patterns,No volume claimed; validate in Search Console/Semrush/Ahrefs before treating as traffic-volume data.
216,hitem3d alternative,3D generation,Commercial,P3,https://kenerateai.com/ai-3d-model-generator,KenerateAI 3D public page/directory + task-based long-tail patterns,No volume claimed; validate in Search Console/Semrush/Ahrefs before treating as traffic-volume data.
217,flux.1 pro,Models & comparisons,Informational / Entity,P1,https://kenerateai.com/all-links,KenerateAI public directory + 2026 comparison/citation patterns,No volume claimed; validate in Search Console/Semrush/Ahrefs before treating as traffic-volume data.
218,gpt image 2,Models & comparisons,Informational / Entity,P1,https://kenerateai.com/all-links,KenerateAI public directory + 2026 comparison/citation patterns,No volume claimed; validate in Search Console/Semrush/Ahrefs before treating as traffic-volume data.
219,veo 3.1,Models & comparisons,Informational / Entity,P1,https://kenerateai.com/all-links,KenerateAI public directory + 2026 comparison/citation patterns,No volume claimed; validate in Search Console/Semrush/Ahrefs before treating as traffic-volume data.
220,kling ai v3,Models & comparisons,Informational / Entity,P1,https://kenerateai.com/all-links,KenerateAI public directory + 2026 comparison/citation patterns,No volume claimed; validate in Search Console/Semrush/Ahrefs before treating as traffic-volume data.
221,seedance 2.5,Models & comparisons,Informational / Entity,P1,https://kenerateai.com/all-links,KenerateAI public directory + 2026 comparison/citation patterns,No volume claimed; validate in Search Console/Semrush/Ahrefs before treating as traffic-volume data.
222,wan 2.7,Models & comparisons,Informational / Entity,P1,https://kenerateai.com/all-links,KenerateAI public directory + 2026 comparison/citation patterns,No volume claimed; validate in Search Console/Semrush/Ahrefs before treating as traffic-volume data.
223,suno v4,Models & comparisons,Informational / Entity,P1,https://kenerateai.com/all-links,KenerateAI public directory + 2026 comparison/citation patterns,No volume claimed; validate in Search Console/Semrush/Ahrefs before treating as traffic-volume data.
224,qwen image 3,Models & comparisons,Informational / Entity,P1,https://kenerateai.com/all-links,KenerateAI public directory + 2026 comparison/citation patterns,No volume claimed; validate in Search Console/Semrush/Ahrefs before treating as traffic-volume data.
225,best generative ai models 2026,Models & comparisons,Commercial,P2,https://kenerateai.com/all-links,KenerateAI public directory + 2026 comparison/citation patterns,No volume claimed; validate in Search Console/Semrush/Ahrefs before treating as traffic-volume data.
226,veo vs kling vs seedance,Models & comparisons,Commercial,P2,https://kenerateai.com/all-links,KenerateAI public directory + 2026 comparison/citation patterns,No volume claimed; validate in Search Console/Semrush/Ahrefs before treating as traffic-volume data.
227,kling vs veo,Models & comparisons,Commercial,P2,https://kenerateai.com/all-links,KenerateAI public directory + 2026 comparison/citation patterns,No volume claimed; validate in Search Console/Semrush/Ahrefs before treating as traffic-volume data.
228,seedance vs kling,Models & comparisons,Commercial,P2,https://kenerateai.com/all-links,KenerateAI public directory + 2026 comparison/citation patterns,No volume claimed; validate in Search Console/Semrush/Ahrefs before treating as traffic-volume data.
229,wan vs kling,Models & comparisons,Commercial,P2,https://kenerateai.com/all-links,KenerateAI public directory + 2026 comparison/citation patterns,No volume claimed; validate in Search Console/Semrush/Ahrefs before treating as traffic-volume data.
230,kenerate vs midjourney,Models & comparisons,Commercial,P2,https://kenerateai.com/all-links,KenerateAI public directory + 2026 comparison/citation patterns,No volume claimed; validate in Search Console/Semrush/Ahrefs before treating as traffic-volume data.
231,kenerate vs runway,Models & comparisons,Commercial,P2,https://kenerateai.com/all-links,KenerateAI public directory + 2026 comparison/citation patterns,No volume claimed; validate in Search Console/Semrush/Ahrefs before treating as traffic-volume data.
232,kenerate vs suno,Models & comparisons,Commercial,P2,https://kenerateai.com/all-links,KenerateAI public directory + 2026 comparison/citation patterns,No volume claimed; validate in Search Console/Semrush/Ahrefs before treating as traffic-volume data.
233,kenerate vs udio,Models & comparisons,Commercial,P2,https://kenerateai.com/all-links,KenerateAI public directory + 2026 comparison/citation patterns,No volume claimed; validate in Search Console/Semrush/Ahrefs before treating as traffic-volume data.
234,kenerate vs elevenlabs,Models & comparisons,Commercial,P2,https://kenerateai.com/all-links,KenerateAI public directory + 2026 comparison/citation patterns,No volume claimed; validate in Search Console/Semrush/Ahrefs before treating as traffic-volume data.
235,midjourney alternative,Models & comparisons,Commercial,P2,https://kenerateai.com/all-links,KenerateAI public directory + 2026 comparison/citation patterns,No volume claimed; validate in Search Console/Semrush/Ahrefs before treating as traffic-volume data.
236,runway alternative,Models & comparisons,Commercial,P2,https://kenerateai.com/all-links,KenerateAI public directory + 2026 comparison/citation patterns,No volume claimed; validate in Search Console/Semrush/Ahrefs before treating as traffic-volume data.
237,runway alternative 2026,Models & comparisons,Commercial,P3,https://kenerateai.com/all-links,KenerateAI public directory + 2026 comparison/citation patterns,No volume claimed; validate in Search Console/Semrush/Ahrefs before treating as traffic-volume data.
238,kling ai alternative,Models & comparisons,Commercial,P3,https://kenerateai.com/all-links,KenerateAI public directory + 2026 comparison/citation patterns,No volume claimed; validate in Search Console/Semrush/Ahrefs before treating as traffic-volume data.
239,sora alternative,Models & comparisons,Commercial,P3,https://kenerateai.com/all-links,KenerateAI public directory + 2026 comparison/citation patterns,No volume claimed; validate in Search Console/Semrush/Ahrefs before treating as traffic-volume data.
240,best sora alternative 2026,Models & comparisons,Commercial,P3,https://kenerateai.com/all-links,KenerateAI public directory + 2026 comparison/citation patterns,No volume claimed; validate in Search Console/Semrush/Ahrefs before treating as traffic-volume data.
241,ideogram alternative,Models & comparisons,Commercial,P3,https://kenerateai.com/all-links,KenerateAI public directory + 2026 comparison/citation patterns,No volume claimed; validate in Search Console/Semrush/Ahrefs before treating as traffic-volume data.
242,adobe firefly alternative,Models & comparisons,Commercial,P3,https://kenerateai.com/all-links,KenerateAI public directory + 2026 comparison/citation patterns,No volume claimed; validate in Search Console/Semrush/Ahrefs before treating as traffic-volume data.
243,leonardo ai alternative,Models & comparisons,Commercial,P3,https://kenerateai.com/all-links,KenerateAI public directory + 2026 comparison/citation patterns,No volume claimed; validate in Search Console/Semrush/Ahrefs before treating as traffic-volume data.
244,openart alternative,Models & comparisons,Commercial,P3,https://kenerateai.com/all-links,KenerateAI public directory + 2026 comparison/citation patterns,No volume claimed; validate in Search Console/Semrush/Ahrefs before treating as traffic-volume data.
245,recraft alternative,Models & comparisons,Commercial,P3,https://kenerateai.com/all-links,KenerateAI public directory + 2026 comparison/citation patterns,No volume claimed; validate in Search Console/Semrush/Ahrefs before treating as traffic-volume data.
246,canva alternative 2026,Models & comparisons,Commercial,P3,https://kenerateai.com/all-links,KenerateAI public directory + 2026 comparison/citation patterns,No volume claimed; validate in Search Console/Semrush/Ahrefs before treating as traffic-volume data.
247,ai generator free tier,"Pricing, license & trust",Commercial,P1,https://kenerateai.com/pricing,KenerateAI pricing/FAQ + high-intent conversational queries,No volume claimed; validate in Search Console/Semrush/Ahrefs before treating as traffic-volume data.
248,pay as you go ai,"Pricing, license & trust",Informational / Entity,P1,https://kenerateai.com/pricing,KenerateAI pricing/FAQ + high-intent conversational queries,No volume claimed; validate in Search Console/Semrush/Ahrefs before treating as traffic-volume data.
249,ai credits no expiration,"Pricing, license & trust",Informational / Entity,P1,https://kenerateai.com/pricing,KenerateAI pricing/FAQ + high-intent conversational queries,No volume claimed; validate in Search Console/Semrush/Ahrefs before treating as traffic-volume data.
250,one time ai credits,"Pricing, license & trust",Informational / Entity,P1,https://kenerateai.com/pricing,KenerateAI pricing/FAQ + high-intent conversational queries,No volume claimed; validate in Search Console/Semrush/Ahrefs before treating as traffic-volume data.
251,ai generator no monthly fee,"Pricing, license & trust",Tool / Transactional,P1,https://kenerateai.com/pricing,KenerateAI pricing/FAQ + high-intent conversational queries,No volume claimed; validate in Search Console/Semrush/Ahrefs before treating as traffic-volume data.
252,ai generator without subscription,"Pricing, license & trust",Tool / Transactional,P1,https://kenerateai.com/pricing,KenerateAI pricing/FAQ + high-intent conversational queries,No volume claimed; validate in Search Console/Semrush/Ahrefs before treating as traffic-volume data.
253,ai generation credits,"Pricing, license & trust",Informational / Entity,P1,https://kenerateai.com/pricing,KenerateAI pricing/FAQ + high-intent conversational queries,No volume claimed; validate in Search Console/Semrush/Ahrefs before treating as traffic-volume data.
254,ai tools commercial license,"Pricing, license & trust",Commercial,P1,https://kenerateai.com/pricing,KenerateAI pricing/FAQ + high-intent conversational queries,No volume claimed; validate in Search Console/Semrush/Ahrefs before treating as traffic-volume data.
255,royalty free ai content,"Pricing, license & trust",Commercial,P2,https://kenerateai.com/pricing,KenerateAI pricing/FAQ + high-intent conversational queries,No volume claimed; validate in Search Console/Semrush/Ahrefs before treating as traffic-volume data.
256,watermark free ai content,"Pricing, license & trust",Commercial,P2,https://kenerateai.com/pricing,KenerateAI pricing/FAQ + high-intent conversational queries,No volume claimed; validate in Search Console/Semrush/Ahrefs before treating as traffic-volume data.
257,ai content commercial rights,"Pricing, license & trust",Commercial,P2,https://kenerateai.com/pricing,KenerateAI pricing/FAQ + high-intent conversational queries,No volume claimed; validate in Search Console/Semrush/Ahrefs before treating as traffic-volume data.
258,ai generator pricing,"Pricing, license & trust",Commercial,P2,https://kenerateai.com/pricing,KenerateAI pricing/FAQ + high-intent conversational queries,No volume claimed; validate in Search Console/Semrush/Ahrefs before treating as traffic-volume data.
259,ai image generator pricing,"Pricing, license & trust",Commercial,P2,https://kenerateai.com/pricing,KenerateAI pricing/FAQ + high-intent conversational queries,No volume claimed; validate in Search Console/Semrush/Ahrefs before treating as traffic-volume data.
260,ai video generator pricing,"Pricing, license & trust",Commercial,P2,https://kenerateai.com/pricing,KenerateAI pricing/FAQ + high-intent conversational queries,No volume claimed; validate in Search Console/Semrush/Ahrefs before treating as traffic-volume data.
261,free ai tools for creators,"Pricing, license & trust",Commercial,P2,https://kenerateai.com/pricing,KenerateAI pricing/FAQ + high-intent conversational queries,No volume claimed; validate in Search Console/Semrush/Ahrefs before treating as traffic-volume data.
262,ai generator for commercial client work,"Pricing, license & trust",Commercial,P2,https://kenerateai.com/pricing,KenerateAI pricing/FAQ + high-intent conversational queries,No volume claimed; validate in Search Console/Semrush/Ahrefs before treating as traffic-volume data.
263,ai generator for ecommerce product content,"Pricing, license & trust",Tool / Transactional,P2,https://kenerateai.com/pricing,KenerateAI pricing/FAQ + high-intent conversational queries,No volume claimed; validate in Search Console/Semrush/Ahrefs before treating as traffic-volume data.
264,what is kenerate ai,Conversational / LLM prompts,Conversational / Informational,P1,https://kenerateai.com/faq,"Semrush/Ahrefs/SEJ 2026: longer, natural-language, query-fan-out search behavior",No volume claimed; validate in Search Console/Semrush/Ahrefs before treating as traffic-volume data.
265,is kenerate ai free,Conversational / LLM prompts,Conversational / Informational,P1,https://kenerateai.com/faq,"Semrush/Ahrefs/SEJ 2026: longer, natural-language, query-fan-out search behavior",No volume claimed; validate in Search Console/Semrush/Ahrefs before treating as traffic-volume data.
266,how does kenerate ai work,Conversational / LLM prompts,Conversational / Informational,P1,https://kenerateai.com/faq,"Semrush/Ahrefs/SEJ 2026: longer, natural-language, query-fan-out search behavior",No volume claimed; validate in Search Console/Semrush/Ahrefs before treating as traffic-volume data.
267,what ai models does kenerate ai use,Conversational / LLM prompts,Conversational / Informational,P1,https://kenerateai.com/faq,"Semrush/Ahrefs/SEJ 2026: longer, natural-language, query-fan-out search behavior",No volume claimed; validate in Search Console/Semrush/Ahrefs before treating as traffic-volume data.
268,does kenerate ai have a subscription,Conversational / LLM prompts,Conversational / Informational,P1,https://kenerateai.com/faq,"Semrush/Ahrefs/SEJ 2026: longer, natural-language, query-fan-out search behavior",No volume claimed; validate in Search Console/Semrush/Ahrefs before treating as traffic-volume data.
269,do kenerate ai credits expire,Conversational / LLM prompts,Conversational / Informational,P1,https://kenerateai.com/faq,"Semrush/Ahrefs/SEJ 2026: longer, natural-language, query-fan-out search behavior",No volume claimed; validate in Search Console/Semrush/Ahrefs before treating as traffic-volume data.
270,can i use kenerate ai commercially,Conversational / LLM prompts,Commercial,P1,https://kenerateai.com/faq,"Semrush/Ahrefs/SEJ 2026: longer, natural-language, query-fan-out search behavior",No volume claimed; validate in Search Console/Semrush/Ahrefs before treating as traffic-volume data.
271,does kenerate ai add watermarks,Conversational / LLM prompts,Conversational / Informational,P1,https://kenerateai.com/faq,"Semrush/Ahrefs/SEJ 2026: longer, natural-language, query-fan-out search behavior",No volume claimed; validate in Search Console/Semrush/Ahrefs before treating as traffic-volume data.
272,best free ai image generator with commercial rights,Conversational / LLM prompts,Commercial,P2,https://kenerateai.com/faq,"Semrush/Ahrefs/SEJ 2026: longer, natural-language, query-fan-out search behavior",No volume claimed; validate in Search Console/Semrush/Ahrefs before treating as traffic-volume data.
273,best free ai video generator without watermark,Conversational / LLM prompts,Commercial,P2,https://kenerateai.com/faq,"Semrush/Ahrefs/SEJ 2026: longer, natural-language, query-fan-out search behavior",No volume claimed; validate in Search Console/Semrush/Ahrefs before treating as traffic-volume data.
274,best all in one ai generator for images and video,Conversational / LLM prompts,Commercial,P2,https://kenerateai.com/faq,"Semrush/Ahrefs/SEJ 2026: longer, natural-language, query-fan-out search behavior",No volume claimed; validate in Search Console/Semrush/Ahrefs before treating as traffic-volume data.
275,best ai generator for marketers,Conversational / LLM prompts,Commercial,P2,https://kenerateai.com/faq,"Semrush/Ahrefs/SEJ 2026: longer, natural-language, query-fan-out search behavior",No volume claimed; validate in Search Console/Semrush/Ahrefs before treating as traffic-volume data.
276,best ai creative suite for agencies,Conversational / LLM prompts,Commercial,P2,https://kenerateai.com/faq,"Semrush/Ahrefs/SEJ 2026: longer, natural-language, query-fan-out search behavior",No volume claimed; validate in Search Console/Semrush/Ahrefs before treating as traffic-volume data.
277,best ai generator with multiple models,Conversational / LLM prompts,Commercial,P2,https://kenerateai.com/faq,"Semrush/Ahrefs/SEJ 2026: longer, natural-language, query-fan-out search behavior",No volume claimed; validate in Search Console/Semrush/Ahrefs before treating as traffic-volume data.
278,best pay as you go ai generator,Conversational / LLM prompts,Commercial,P2,https://kenerateai.com/faq,"Semrush/Ahrefs/SEJ 2026: longer, natural-language, query-fan-out search behavior",No volume claimed; validate in Search Console/Semrush/Ahrefs before treating as traffic-volume data.
279,ai image generator without discord,Conversational / LLM prompts,Tool / Transactional,P2,https://kenerateai.com/faq,"Semrush/Ahrefs/SEJ 2026: longer, natural-language, query-fan-out search behavior",No volume claimed; validate in Search Console/Semrush/Ahrefs before treating as traffic-volume data.
280,ai video generator without monthly subscription,Conversational / LLM prompts,Tool / Transactional,P2,https://kenerateai.com/faq,"Semrush/Ahrefs/SEJ 2026: longer, natural-language, query-fan-out search behavior",No volume claimed; validate in Search Console/Semrush/Ahrefs before treating as traffic-volume data.
281,ai tool with image video music and 3d,Conversational / LLM prompts,Informational / Entity,P2,https://kenerateai.com/faq,"Semrush/Ahrefs/SEJ 2026: longer, natural-language, query-fan-out search behavior",No volume claimed; validate in Search Console/Semrush/Ahrefs before treating as traffic-volume data.
282,one platform for flux kling veo seedance,Conversational / LLM prompts,Informational / Entity,P2,https://kenerateai.com/faq,"Semrush/Ahrefs/SEJ 2026: longer, natural-language, query-fan-out search behavior",No volume claimed; validate in Search Console/Semrush/Ahrefs before treating as traffic-volume data.
283,how to generate 4k ai images,Conversational / LLM prompts,Conversational / Informational,P2,https://kenerateai.com/faq,"Semrush/Ahrefs/SEJ 2026: longer, natural-language, query-fan-out search behavior",No volume claimed; validate in Search Console/Semrush/Ahrefs before treating as traffic-volume data.
284,how to generate 4k ai videos,Conversational / LLM prompts,Conversational / Informational,P3,https://kenerateai.com/faq,"Semrush/Ahrefs/SEJ 2026: longer, natural-language, query-fan-out search behavior",No volume claimed; validate in Search Console/Semrush/Ahrefs before treating as traffic-volume data.
285,how to turn text into ai video,Conversational / LLM prompts,Conversational / Informational,P3,https://kenerateai.com/faq,"Semrush/Ahrefs/SEJ 2026: longer, natural-language, query-fan-out search behavior",No volume claimed; validate in Search Console/Semrush/Ahrefs before treating as traffic-volume data.
286,how to turn image into ai video,Conversational / LLM prompts,Conversational / Informational,P3,https://kenerateai.com/faq,"Semrush/Ahrefs/SEJ 2026: longer, natural-language, query-fan-out search behavior",No volume claimed; validate in Search Console/Semrush/Ahrefs before treating as traffic-volume data.
287,how to turn text into 3d model,Conversational / LLM prompts,Conversational / Informational,P3,https://kenerateai.com/faq,"Semrush/Ahrefs/SEJ 2026: longer, natural-language, query-fan-out search behavior",No volume claimed; validate in Search Console/Semrush/Ahrefs before treating as traffic-volume data.
288,how to turn image into 3d model,Conversational / LLM prompts,Conversational / Informational,P3,https://kenerateai.com/faq,"Semrush/Ahrefs/SEJ 2026: longer, natural-language, query-fan-out search behavior",No volume claimed; validate in Search Console/Semrush/Ahrefs before treating as traffic-volume data.
289,how to create ai ugc ads,Conversational / LLM prompts,Conversational / Informational,P3,https://kenerateai.com/faq,"Semrush/Ahrefs/SEJ 2026: longer, natural-language, query-fan-out search behavior",No volume claimed; validate in Search Console/Semrush/Ahrefs before treating as traffic-volume data.
290,how to create ai influencer videos,Conversational / LLM prompts,Conversational / Informational,P3,https://kenerateai.com/faq,"Semrush/Ahrefs/SEJ 2026: longer, natural-language, query-fan-out search behavior",No volume claimed; validate in Search Console/Semrush/Ahrefs before treating as traffic-volume data.
291,how to create ai product ads,Conversational / LLM prompts,Conversational / Informational,P3,https://kenerateai.com/faq,"Semrush/Ahrefs/SEJ 2026: longer, natural-language, query-fan-out search behavior",No volume claimed; validate in Search Console/Semrush/Ahrefs before treating as traffic-volume data.
292,how to create royalty free ai music,Conversational / LLM prompts,Commercial,P3,https://kenerateai.com/faq,"Semrush/Ahrefs/SEJ 2026: longer, natural-language, query-fan-out search behavior",No volume claimed; validate in Search Console/Semrush/Ahrefs before treating as traffic-volume data.
293,how to remove image background with ai,Conversational / LLM prompts,Conversational / Informational,P3,https://kenerateai.com/faq,"Semrush/Ahrefs/SEJ 2026: longer, natural-language, query-fan-out search behavior",No volume claimed; validate in Search Console/Semrush/Ahrefs before treating as traffic-volume data.
294,how to upscale images to 4k with ai,Conversational / LLM prompts,Conversational / Informational,P3,https://kenerateai.com/faq,"Semrush/Ahrefs/SEJ 2026: longer, natural-language, query-fan-out search behavior",No volume claimed; validate in Search Console/Semrush/Ahrefs before treating as traffic-volume data.
295,how to upscale videos to 4k with ai,Conversational / LLM prompts,Conversational / Informational,P3,https://kenerateai.com/faq,"Semrush/Ahrefs/SEJ 2026: longer, natural-language, query-fan-out search behavior",No volume claimed; validate in Search Console/Semrush/Ahrefs before treating as traffic-volume data.
296,how to lip sync ai videos,Conversational / LLM prompts,Conversational / Informational,P3,https://kenerateai.com/faq,"Semrush/Ahrefs/SEJ 2026: longer, natural-language, query-fan-out search behavior",No volume claimed; validate in Search Console/Semrush/Ahrefs before treating as traffic-volume data.
297,how to clone a voice with ai,Conversational / LLM prompts,Conversational / Informational,P3,https://kenerateai.com/faq,"Semrush/Ahrefs/SEJ 2026: longer, natural-language, query-fan-out search behavior",No volume claimed; validate in Search Console/Semrush/Ahrefs before treating as traffic-volume data.
298,which ai video generator has veo 3.1 and kling,Conversational / LLM prompts,Conversational / Informational,P3,https://kenerateai.com/faq,"Semrush/Ahrefs/SEJ 2026: longer, natural-language, query-fan-out search behavior",No volume claimed; validate in Search Console/Semrush/Ahrefs before treating as traffic-volume data.
299,which ai platform has multiple frontier models,Conversational / LLM prompts,Conversational / Informational,P3,https://kenerateai.com/faq,"Semrush/Ahrefs/SEJ 2026: longer, natural-language, query-fan-out search behavior",No volume claimed; validate in Search Console/Semrush/Ahrefs before treating as traffic-volume data.
300,what is the best midjourney alternative without discord,Conversational / LLM prompts,Commercial,P3,https://kenerateai.com/faq,"Semrush/Ahrefs/SEJ 2026: longer, natural-language, query-fan-out search behavior",No volume claimed; validate in Search Console/Semrush/Ahrefs before treating as traffic-volume data.
301,what is the best runway alternative in 2026,Conversational / LLM prompts,Commercial,P3,https://kenerateai.com/faq,"Semrush/Ahrefs/SEJ 2026: longer, natural-language, query-fan-out search behavior",No volume claimed; validate in Search Console/Semrush/Ahrefs before treating as traffic-volume data.
302,what is the best suno alternative in 2026,Conversational / LLM prompts,Commercial,P3,https://kenerateai.com/faq,"Semrush/Ahrefs/SEJ 2026: longer, natural-language, query-fan-out search behavior",No volume claimed; validate in Search Console/Semrush/Ahrefs before treating as traffic-volume data.
303,what is the best free ai 3d model generator,Conversational / LLM prompts,Commercial,P3,https://kenerateai.com/faq,"Semrush/Ahrefs/SEJ 2026: longer, natural-language, query-fan-out search behavior",No volume claimed; validate in Search Console/Semrush/Ahrefs before treating as traffic-volume data.
304,ai generator for product photography and ads,Conversational / LLM prompts,Tool / Transactional,P3,https://kenerateai.com/faq,"Semrush/Ahrefs/SEJ 2026: longer, natural-language, query-fan-out search behavior",No volume claimed; validate in Search Console/Semrush/Ahrefs before treating as traffic-volume data.
305,ai generator for social media content,Conversational / LLM prompts,Tool / Transactional,P3,https://kenerateai.com/faq,"Semrush/Ahrefs/SEJ 2026: longer, natural-language, query-fan-out search behavior",No volume claimed; validate in Search Console/Semrush/Ahrefs before treating as traffic-volume data.
306,ai generator for game assets and 3d models,Conversational / LLM prompts,Tool / Transactional,P3,https://kenerateai.com/faq,"Semrush/Ahrefs/SEJ 2026: longer, natural-language, query-fan-out search behavior",No volume claimed; validate in Search Console/Semrush/Ahrefs before treating as traffic-volume data.
307,ai creative suite without recurring subscription,Conversational / LLM prompts,Informational / Entity,P3,https://kenerateai.com/faq,"Semrush/Ahrefs/SEJ 2026: longer, natural-language, query-fan-out search behavior",No volume claimed; validate in Search Console/Semrush/Ahrefs before treating as traffic-volume data.
