path,recommended_title,recommended_meta_description,primary_keyword_cluster
/,"Kenerate AI — AI Image, Video, Music & 3D Generator","Create AI images, videos, music, voices, ads and 3D models in one workspace with multiple frontier models, watermark-free exports and pay-as-you-go access.",kenerate ai; all in one ai generator; ai creative suite; multi model ai generator
/ai-image-generator,Free AI Image Generator — Text to Image in 4K | Kenerate AI,"Generate photorealistic AI images from text or image prompts with multiple frontier image models, 4K workflows, watermark-free exports and commercial-use options.",free ai image generator; text to image ai; photorealistic ai image generator; 4k ai image generator
/ai-video-generator,Free AI Video Generator — Text & Image to Video | Kenerate AI,"Turn prompts and images into AI video with multi-model access, cinematic workflows, 4K enhancement, watermark-free exports and commercial-use options.",free ai video generator; text to video ai; image to video ai; cinematic ai video generator
/ai-music-generator,"AI Music Generator — Create Songs, Vocals & Beats | Kenerate AI","Create AI songs, beats, vocals and soundtracks from prompts and ideas with a unified music workspace and commercial-use export options.",ai music generator; text to music generator; ai song generator; royalty free ai music
/ai-ads-generator,"Free AI Ad Generator — UGC, Product & Video Ads | Kenerate AI","Create AI ad concepts, UGC-style creatives, product visuals and video commercials for social and ecommerce campaigns in one workspace.",ai ad generator; ai ugc ad generator; ai product ad generator; ai video ad generator
/ai-3d-model-generator,AI 3D Model Generator — Text & Image to 3D | Kenerate AI,"Turn text prompts or 2D images into 3D models for product, game, avatar and creative workflows with mesh and texture-oriented generation tools.",ai 3d model generator; text to 3d ai; image to 3d ai; ai game asset generator
/pricing,Kenerate AI Pricing — Pay-As-You-Go AI Credits,"Review Kenerate AI's pay-as-you-go credit options, free-tier access, commercial-use terms and no-recurring-subscription positioning.",kenerate ai pricing; pay as you go ai; ai generator no subscription; ai credits no expiration
/faq,"Kenerate AI FAQ — Models, Pricing, Rights & Credits","Answers about Kenerate AI tools, supported model families, credits, subscriptions, watermarks, commercial use and common generation workflows.",what is kenerate ai; is kenerate ai free; kenerate ai commercial rights; kenerate ai credits
/all-links,"Kenerate AI Tools Directory — Generators, Models & Comparisons","Explore Kenerate AI's public generators, creative studios, model pages, comparisons, alternatives, guides and platform resources.",ai tools directory; ai model hub; ai generator alternatives; kenerate ai tools
/blogs,Kenerate AI Blog — AI Generation Guides & Model Comparisons,"Read AI image, video, music and 3D generation guides, model comparisons, prompt workflows, creative tutorials and platform updates.",ai generation guides; ai model comparisons; prompt engineering; ai creative tutorials
/app/image,AI Image Studio | Kenerate AI,Create and refine AI images in Kenerate AI's image workspace with text-to-image and image-guided generation workflows.,ai image studio; image to image ai; text to image ai
/app/video,AI Video Studio | Kenerate AI,Create AI videos from text and images in Kenerate AI's multi-model video workspace.,ai video studio; text to video ai; image to video ai
/app/edit,AI Photo Editor & Image Upscaler | Kenerate AI,"Edit, enhance, upscale, expand and retouch images with AI-powered editing tools in one browser workspace.",ai photo editor; ai image enhancer; ai image upscaler; ai inpainting
/app/voice,AI Voice Generator & Voice Cloning | Kenerate AI,"Generate voiceovers and synthetic speech with AI voice tools for video, audio and creative production workflows.",ai voice generator; voice cloning ai; text to speech ai; ai voiceover generator
